{
  "n_pass": 19,
  "n_total": 19,
  "pass_rate": 1.0,
  "T_matrix": [
    [
      0.997901948011005,
      0.0009931071993719363,
      0.0002093050481672943,
      0.00010444866021531758,
      0.0001722664661833286,
      1.4132347267614757e-06,
      7.719710165953852e-05,
      5.085876756261745e-05,
      4.525804101404031e-06,
      6.27443144054771e-05,
      1.7795237279581425e-05,
      1.8253455635537366e-05,
      5.971086818691272e-05,
      3.8326616599357526e-06,
      4.6038518411975466e-05,
      6.57111694219052e-05,
      1.129648455435736e-06,
      0.00013024476354162926,
      7.946907000843744e-05
    ],
    [
      0.030228016413073072,
      0.9671311638080337,
      0.0016195192907949919,
      0.000266931914561886,
      7.218923034545285e-05,
      0.00017262037737417624,
      4.762775232380948e-06,
      6.62026874801361e-05,
      5.410273812838189e-05,
      2.237753880033695e-06,
      5.795211072065652e-05,
      1.9972454709605226e-05,
      1.4624755133303514e-05,
      5.7179902043989765e-05,
      4.813417876201879e-06,
      4.1327162452725506e-05,
      6.369689038409799e-05,
      7.22078051657065e-07,
      0.00012196423972351423
    ],
    [
      0.0006812463595310367,
      0.022749786534332118,
      0.9731792730167662,
      0.0024499236663587417,
      0.0003277672533052594,
      5.0389090695619304e-05,
      0.00017662486647228258,
      9.211639781345166e-06,
      5.9342028002643283e-05,
      5.8213377998848754e-05,
      1.0353765714430057e-06,
      5.5908659057893296e-05,
      2.223869212921448e-05,
      1.2626493507429227e-05,
      5.691539773105423e-05,
      5.605011584728635e-06,
      3.9598378325541335e-05,
      6.365977596894701e-05,
      6.343818795183289e-07
    ],
    [
      2.600985862878503e-05,
      0.0006754342810731385,
      0.017478193796106403,
      0.9774462329165698,
      0.003396627017958071,
      0.000381184289677411,
      3.430837242092187e-05,
      0.00017844304165355406,
      1.3913629555552159e-05,
      5.374354410072912e-05,
      6.131227669602713e-05,
      4.2223690033450854e-07,
      5.430182137053807e-05,
      2.3847600457062646e-05,
      1.1398148936550589e-05,
      5.666212292560861e-05,
      5.971144808686292e-06,
      3.896349822453109e-05,
      6.303040193623577e-05
    ],
    [
      0.0001484960950052246,
      9.984089972704229e-06,
      0.0006556589126829281,
      0.013764715659263661,
      0.9800840034626559,
      0.004387503988938838,
      0.0004259491092285015,
      2.3011497577374696e-05,
      0.00017885203729275625,
      1.8264896139997888e-05,
      4.9448964142916896e-05,
      6.350020144641041e-05,
      1.5368737244403843e-07,
      5.3204289448788926e-05,
      2.4764298893528457e-05,
      1.083723081112495e-05,
      5.643149761404345e-05,
      5.873094174180927e-06,
      3.9346987338698374e-05
    ],
    [
      5.883798344376106e-05,
      0.00016093389236598337,
      2.1684231912785267e-06,
      0.0006283864521888886,
      0.011167471881022713,
      0.9817049661332284,
      0.005337879954754742,
      0.00046193941601904476,
      1.5498024763555562e-05,
      0.00017858877700366898,
      2.1832555602071668e-05,
      4.647355810700751e-05,
      6.488932477413945e-05,
      5.944067803258727e-08,
      5.267089578355423e-05,
      2.497602839949346e-05,
      1.0894415054470244e-05,
      5.6211402724957855e-05,
      5.321440894092897e-06
    ],
    [
      2.7912951750126687e-05,
      4.662880642687903e-05,
      0.00016941046350149784,
      2.059292738731642e-09,
      0.0005986730465133904,
      0.009378844160741806,
      0.9826620571649504,
      0.0061585869081098085,
      0.0004895067181197667,
      1.0821990012628997e-05,
      0.00017819367885763836,
      2.431757611048295e-05,
      4.479671934225559e-05,
      6.554222666364025e-05,
      4.19429862417903e-08,
      5.270472487783499e-05,
      2.4470058000310685e-05,
      1.1563053826750397e-05,
      5.592574991561947e-05
    ],
    [
      7.092322206523632e-05,
      3.5428825461397885e-05,
      3.6853481226537136e-05,
      0.00017471398095059965,
      1.259931255894826e-06,
      0.0005702745578106475,
      0.008189996780334212,
      0.9832328589991626,
      0.006767368111549622,
      0.000509216674929663,
      8.207763659020507e-06,
      0.00017803591668838546,
      2.553217149904896e-05,
      4.439510352421265e-05,
      6.547371729239031e-05,
      7.556222832618501e-08,
      5.326934208560937e-05,
      2.3239789678737754e-05,
      1.287606859784545e-05
    ],
    [
      2.5024176838648247e-08,
      6.68615397467486e-05,
      4.198906307165544e-05,
      2.935774504057719e-05,
      0.00017767946291841026,
      4.146509417182288e-06,
      0.0005458250123142702,
      0.007463833686355858,
      0.9836525774053844,
      0.007099570405217662,
      0.0005216170119494844,
      7.120597886847825e-06,
      0.0001783186079958877,
      2.5385032816462755e-05,
      4.525494104839588e-05,
      6.46505142401011e-05,
      2.0605726248229085e-07,
      5.428723698576941e-05,
      2.1294146171002507e-05
    ],
    [
      5.562398717406405e-05,
      5.49682760258185e-07,
      6.298522833404386e-05,
      4.736463617226134e-05,
      2.3872430905564947e-05,
      0.0001790512939874432,
      7.308322220447394e-06,
      0.0005269800600112359,
      0.007115650786373638,
      0.9839612271441348,
      0.007115650786360383,
      0.0005269800600113658,
      7.308322220574432e-06,
      0.00017905129398405396,
      2.3872430906718992e-05,
      4.736463617325962e-05,
      6.29852283328185e-05,
      5.496827601545398e-07,
      5.562398717710005e-05
    ],
    [
      1.4971657296844856e-05,
      5.726263000065446e-05,
      1.4690226607828294e-06,
      5.9624245527712694e-05,
      5.1474493892635206e-05,
      2.0107618824685944e-05,
      0.00017947938572819913,
      9.805523771545008e-06,
      0.0005148243853627359,
      0.007104254048282696,
      0.9843298362069816,
      0.006809118991625566,
      0.0005253698618431778,
      8.824653159066592e-06,
      0.0001801070929346264,
      2.1092685911070777e-05,
      5.0718242854427186e-05,
      6.036908048385931e-05,
      1.2901728583030141e-06
    ],
    [
      2.542697636272424e-05,
      1.2162309156825152e-05,
      5.8228063389528665e-05,
      2.4686767977583988e-06,
      5.6987287282351664e-05,
      5.4309649097190925e-05,
      1.78008747103851e-05,
      0.00017940629698597928,
      1.1063824028379029e-05,
      0.0005098103688979814,
      0.007422592160949997,
      0.9846059281018928,
      0.006205103642248121,
      0.0005163645630591782,
      1.2026117292398025e-05,
      0.0001811359081803533,
      1.7251428375862795e-05,
      5.5270655516764734e-05,
      5.666309577537353e-05
    ],
    [
      4.5466233237606456e-05,
      2.8299682517015945e-05,
      1.0147338560481861e-05,
      5.875608916748313e-05,
      3.3170299879351974e-06,
      5.521833138545665e-05,
      5.591238199556523e-05,
      1.6767942734146556e-05,
      0.0001791427376419032,
      1.0837005600363423e-05,
      0.0005121360651288196,
      0.008099877467792853,
      0.9847906103304531,
      0.005361338047618245,
      0.000499347351349509,
      1.7553366755206316e-05,
      0.0001816488609710479,
      1.2695809725079618e-05,
      6.0927927378116365e-05
    ],
    [
      1.9871626485020528e-06,
      4.343229019815978e-05,
      3.044655368325582e-05,
      8.823751670336028e-06,
      5.903944190851849e-05,
      3.860309584016201e-06,
      5.440413829923855e-05,
      5.633032011133017e-05,
      1.692018242083893e-05,
      0.000178815531077466,
      9.17841656987147e-06,
      0.0005216553541691555,
      0.009202814621224801,
      0.9847639335587495,
      0.004359701719535299,
      0.0004734727219671312,
      2.6277387450566835e-05,
      0.00018097403582647553,
      7.932502905410185e-06
    ],
    [
      6.815329449636615e-05,
