{
  "n_channels": 19,
  "values_sorted": [
    -9,
    -8,
    -7,
    -6,
    -5,
    -4,
    -3,
    -2,
    -1,
    0,
    1,
    2,
    3,
    4,
    5,
    6,
    7,
    8,
    9
  ],
  "freqs_hz": [
    192300000000000.0,
    192600000000000.0,
    192900000000000.0,
    193200000000000.0,
    193500000000000.0,
    193800000000000.0,
    194100000000000.0,
    194400000000000.0,
    194700000000000.0,
    195000000000000.0,
    195300000000000.0,
    195600000000000.0,
    195900000000000.0,
    196200000000000.0,
    196500000000000.0,
    196800000000000.0,
    197100000000000.0,
    197400000000000.0,
    197700000000000.0
  ],
  "f_center_hz": 195000000000000.0,
  "lambda_c_m": 1.5373972205128206e-06,
  "delta_f_hz": 300000000000.0,
  "delta_lam_m": 2.365226493096647e-09,
  "delta_L_m": 2.365226493096647e-05,
  "fsr_hz": 6182926829268.293,
  "M_ORDER": 30,
  "N_ARMS": 30,
  "R_FPR_m": 0.00037,
  "D_ARM_m": 3e-06,
  "D_OUT_m": 5e-06,
  "R_BEND_m": 1.5e-05,
  "theta_arms": [
    -0.11756756756756757,
    -0.10945945945945947,
    -0.10135135135135136,
    -0.09324324324324323,
    -0.08513513513513514,
    -0.07702702702702703,
    -0.06891891891891892,
    -0.060810810810810814,
    -0.052702702702702706,
    -0.0445945945945946,
    -0.03648648648648649,
    -0.028378378378378383,
    -0.02027027027027027,
    -0.012162162162162163,
    -0.004054054054054054,
    0.004054054054054054,
    0.012162162162162163,
    0.02027027027027027,
    0.028378378378378383,
    0.03648648648648649,
    0.0445945945945946,
    0.052702702702702706,
    0.060810810810810814,
    0.06891891891891892,
    0.07702702702702703,
    0.08513513513513514,
    0.09324324324324323,
    0.10135135135135136,
    0.10945945945945947,
    0.11756756756756757
  ],
  "arm_lengths_m": [
    0.00019424777960769382,
    0.0002179000445386603,
    0.00024155230946962676,
    0.00026520457440059323,
    0.0002888568393315597,
    0.00031250910426252617,
    0.00033616136919349264,
    0.0003598136341244591,
    0.0003834658990554256,
    0.00040711816398639205,
    0.0004307704289173585,
    0.000454422693848325,
    0.00047807495877929146,
    0.000501727223710258,
    0.0005253794886412244,
    0.0005490317535721909,
    0.0005726840185031573,
    0.0005963362834341239,
    0.0006199885483650902,
    0.0006436408132960568,
    0.0006672930782270232,
    0.0006909453431579898,
    0.0007145976080889561,
    0.0007382498730199227,
    0.0007619021379508891,
    0.0007855544028818556,
    0.000809206667812822,
    0.0008328589327437886,
    0.0008565111976747549,
    0.0008801634626057215
  ],
  "y_out_m": [
    -4.5e-05,
    -4e-05,
    -3.5000000000000004e-05,
    -3.0000000000000004e-05,
    -2.5e-05,
    -2e-05,
    -1.5000000000000002e-05,
    -1e-05,
    -5e-06,
    0.0,
    5e-06,
    1e-05,
    1.5000000000000002e-05,
    2e-05,
    2.5e-05,
    3.0000000000000004e-05,
    3.5000000000000004e-05,
    4e-05,
    4.5e-05
  ],
  "d_out_check_m": 5.000764585404339e-06,
  "pitch_error": 0.00015291708086772254
}