{
  "method": "2D TE-mode FDTD with CPML boundaries",
  "grid_spacing_nm": 80.0,
  "dt_fs": 0.1849185000011752,
  "pml_cells": 20,
  "source": {
    "type": "broadband_gaussian",
    "center_freq_thz": 197.0,
    "bandwidth_thz": 22.0
  },
  "multiply_unit": {
    "component": "multiply_unit",
    "n_pass": 1,
    "n_total": 3,
    "pass_rate": 0.3333333333333333,
    "n_steps": 40000,
    "grid": "250x375",
    "results": [
      {
        "logical_value": -1,
        "expected_port": 0,
        "detected_port": 1,
        "freq_thz": 198.0,
        "extinction_ratio_db": -6.2432200457820315,
        "power_fraction": 0.191924334950885,
        "port_powers_normalized": [
          0.07052002847194672,
          0.27666810154914856,
          0.02024851366877556
        ],
        "passed": false
      },
      {
        "logical_value": 0,
        "expected_port": 1,
        "detected_port": 1,
        "freq_thz": 201.0,
        "extinction_ratio_db": 7.262836998607129,
        "power_fraction": 0.841886223268544,
        "port_powers_normalized": [
          0.003089915495365858,
          0.06951893121004105,
          0.00996636413037777
        ],
        "passed": true
      },
      {
        "logical_value": 1,
        "expected_port": 2,
        "detected_port": 1,
        "freq_thz": 208.0,
        "extinction_ratio_db": -2.6842172495246537,
        "power_fraction": 0.350221931015267,
        "port_powers_normalized": [
          0.0032594241201877594,
          0.2259543389081955,
          0.12354324012994766
        ],
        "passed": false
      }
    ]
  },
  "demux": {
    "component": "demux",
    "n_pass": 1,
    "n_total": 19,
    "pass_rate": 0.05263157894736842,
    "n_steps": 60000,
    "grid": "500x1200",
    "results": [
      {
        "mac_value": -9,
        "expected_port": 0,
        "detected_port": 12,
        "freq_thz": 192.29999999999998,
        "extinction_ratio_db": -12.26994160439939,
        "power_fraction": 0.05597442040460434,
        "port_powers_normalized": [
          0.011205464601516724,
          0.002986141014844179,
          0.005536138545721769,
          0.00887661799788475,
          0.009069916792213917,
          0.0033742471132427454,
          0.005757790058851242,
          0.008424905128777027,
          0.018476424738764763,
          0.006692766677588224,
          0.010396788828074932,
          0.01499988418072462,
          0.04126414284110069,
          0.005992882419377565,
          0.0166162122040987,
          0.012051904574036598,
          0.01451108418405056,
          0.0012192532885819674,
          0.002736468333750963
        ],
        "passed": false
      },
      {
        "mac_value": -8,
        "expected_port": 1,
        "detected_port": 9,
        "freq_thz": 192.6,
        "extinction_ratio_db": -22.75531758091137,
        "power_fraction": 0.005274381712813779,
        "port_powers_normalized": [
          0.003543970175087452,
          0.0006665870314463973,
          0.0007890193955972791,
          0.004855968523770571,
          0.009406193159520626,
          0.0009789196774363518,
          0.002723305718973279,
          0.008368844166398048,
          0.009943943470716476,
          0.029933063313364983,
          0.010816840454936028,
          0.014382977969944477,
          0.007823294028639793,
          0.004307552240788937,
          0.0007101675728335977,
          0.0009870212525129318,
          0.011125403456389904,
          0.002176088746637106,
          0.00284286099486053
        ],
        "passed": false
      },
      {
        "mac_value": -7,
        "expected_port": 2,
        "detected_port": 8,
        "freq_thz": 192.9,
        "extinction_ratio_db": -12.882055251375471,
        "power_fraction": 0.048976281578285444,
        "port_powers_normalized": [
          0.005507730878889561,
          0.006201512645930052,
          0.006284496746957302,
          0.0013814871199429035,
          0.0045652142725884914,
          0.008549387566745281,
          0.009847747161984444,
          0.005951284430921078,
          0.015214222483336926,
          0.010978984646499157,
          0.009484287351369858,
          0.005707478616386652,
          0.0012758794473484159,
          0.005891775246709585,
          0.014034964144229889,
          0.002012530341744423,
          0.006160475313663483,
          0.007751211989670992,
          0.0015164540382102132
        ],
        "passed": false
      },
      {
        "mac_value": -6,
        "expected_port": 3,
        "detected_port": 6,
        "freq_thz": 193.2,
        "extinction_ratio_db": -15.227807229454434,
        "power_fraction": 0.029132595623150816,
        "port_powers_normalized": [
          0.002834788989275694,
          0.007378737907856703,
          0.0011609044158831239,
          0.00288384803570807,
          0.00498007470741868,
          0.012490697205066681,
          0.016694027930498123,
          0.001629120553843677,
          0.008601736277341843,
          1.9236666048527695e-05,
          0.0028153995517641306,
          0.016386715695261955,
          0.006437322124838829,
          0.00043037638533860445,
          0.0018768403679132462,
          0.0013940550852566957,
          0.0028505204245448112,
          0.006549224257469177,
          0.00157680525444448
        ],
        "passed": false
      },
      {
        "mac_value": -5,
        "expected_port": 4,
        "detected_port": 6,
        "freq_thz": 193.5,
        "extinction_ratio_db": -13.911923849815281,
        "power_fraction": 0.039040266908931344,
        "port_powers_normalized": [
          0.0010586690623313189,
          0.005622974131256342,
          0.0048243082128465176,
          0.003429532516747713,
          0.004557949490845203,
          0.011308226734399796,
          0.033308178186416626,
          0.0018367533339187503,
          0.011403050273656845,
          0.008714542724192142,
          0.003443671390414238,
          0.004312454257160425,
          0.00860996637493372,
          0.006145356222987175,
          0.0022903867065906525,
          0.0009396638488397002,
          0.002722881268709898,
          0.00033103901660069823,
          0.0018903535092249513
        ],
        "passed": false
      },
      {
        "mac_value": -4,
        "expected_port": 5,
        "detected_port": 9,
        "freq_thz": 193.79999999999998,
        "extinction_ratio_db": -10.982322177776243,
        "power_fraction": 0.07386553573038748,
        "port_powers_normalized": [
          0.007368434686213732,
          0.0003907060017809272,
          0.010239566676318645,
          0.0002973111695609987,
          0.00015724505647085607,
          0.005255007650703192,
          0.005162118934094906,
          0.0004858247993979603,
          0.0016870835097506642,
          0.01364344172179699,
          0.0018923896132037044,
          0.003926686942577362,
          0.00033113680547103286,
          0.0002151253429474309,
          0.005227312445640564,
          0.0030560726299881935,
          0.01045696996152401,
          0.0010254509979858994,
          0.00032500483212061226
        ],
        "passed": false
      },
      {
        "mac_value": -3,
        "expected_port": 6,
        "detected_port": 6,
        "freq_thz": 194.1,
        "extinction_ratio_db": -7.286599491031897,
        "power_fraction": 0.15738680109344047,