{
  "w_neg_thz": 2.0,
  "w_pos_thz": 7.0,
  "multiply_product_freqs": {
    "-1": 198.0,
    "0": 201.0,
    "1": 208.0
  },
  "cascade_stage_freqs": [
    {
      "-2": 203.66666666666663,
      "-1": 200.66666666666663,
      "0": 193.66666666666663,
      "1": 190.66666666666663,
      "2": 183.66666666666663
    },
    {
      "-4": 176.60000000000002,
      "-3": 179.60000000000002,
      "-2": 186.60000000000002,
      "-1": 189.60000000000002,
      "0": 196.60000000000002,
      "1": 199.60000000000002,
      "2": 206.60000000000002,
      "3": 209.60000000000002,
      "4": 216.60000000000002
    },
    {
      "-8": 233.22222222222217,
      "-7": 230.22222222222217,
      "-6": 223.22222222222217,
      "-5": 220.22222222222217,
      "-4": 213.22222222222217,
      "-3": 210.22222222222217,
      "-2": 203.22222222222217,
      "-1": 200.22222222222217,
      "0": 193.22222222222217,
      "1": 190.22222222222217,
      "2": 183.22222222222217,
      "3": 180.22222222222217,
      "4": 173.22222222222217,
      "5": 170.22222222222217,
      "6": 163.22222222222217,
      "7": 160.22222222222217,
      "8": 153.22222222222217
    },
    {
      "-16": 116.88235294117635,
      "-15": 119.88235294117635,
      "-14": 126.88235294117635,
      "-13": 129.88235294117635,
      "-12": 136.88235294117635,
      "-11": 139.88235294117635,
      "-10": 146.88235294117635,
      "-9": 149.88235294117635,
      "-8": 156.88235294117635,
      "-7": 159.88235294117635,
      "-6": 166.88235294117635,
      "-5": 169.88235294117635,
      "-4": 176.88235294117635,
      "-3": 179.88235294117635,
      "-2": 186.88235294117635,
      "-1": 189.88235294117635,
      "0": 196.88235294117635,
      "1": 199.88235294117635,
      "2": 206.88235294117635,
      "3": 209.88235294117635,
      "4": 216.88235294117635,
      "5": 219.88235294117635,
      "6": 226.88235294117635,
      "7": 229.88235294117635,
      "8": 236.88235294117635,
      "9": 239.88235294117635,
      "10": 246.88235294117635,
      "11": 249.88235294117635,
      "12": 256.88235294117635,
      "13": 259.88235294117635,
      "14": 266.88235294117635,
      "15": 269.88235294117635,
      "16": 276.88235294117635
    }
  ],
  "dfg_pump_freqs": [
    599.6666666666666,
    583.9333333333333,
    586.4222222222222,
    583.3267973856207
  ],
  "output_freqs_81": [
    [
      192.3,
      0.0,
      0.0,
      0.0,
      0.0,
      0.0,
      0.0,
      0.0,
      0.0
    ],
    [
      192.6,
      0.0,
      0.0,
      0.0,
      0.0,
      0.0,
      0.0,
      0.0,
      0.0
    ],
    [
      192.9,
      0.0,
      0.0,
      0.0,
      0.0,
      0.0,
      0.0,
      0.0,
      0.0
    ],
    [
      193.2,
      0.0,
      0.0,
      0.0,
      0.0,
      0.0,
      0.0,
      0.0,
      0.0
    ],
    [
      193.5,
      0.0,
      0.0,
      0.0,
      0.0,
      0.0,
      0.0,
      0.0,
      0.0
    ],
    [
      193.8,
      0.0,
      0.0,
      0.0,
      0.0,
      0.0,
      0.0,
      0.0,
      0.0
    ],
    [
      194.1,
      0.0,
      0.0,
      0.0,
      0.0,
      0.0,
      0.0,
      0.0,
      0.0
    ],
    [
      194.4,
      0.0,
      0.0,
      0.0,
      0.0,
      0.0,
      0.0,
      0.0,
      0.0
    ],
    [
      194.7,
      0.0,
      0.0,
      0.0,
      0.0,
      0.0,
      0.0,
      0.0,
      0.0
    ]
  ],
  "value_to_channel": {
    "-9": [
      0,
      0
    ],
    "-8": [
      1,
      0
    ],
    "-7": [
      2,
      0
    ],
    "-6": [
      3,
      0
    ],
    "-5": [
      4,
      0
    ],
    "-4": [
      5,
      0
    ],
    "-3": [
      6,
      0
    ],
    "-2": [
      7,
      0
    ],
    "-1": [
      8,
      0
    ],
    "0": [
      9,
      0
    ],
    "1": [
      10,
      0
    ],
    "2": [
      11,
      0
    ],
    "3": [
      12,
      0
    ],
    "4": [
      13,
      0
    ],
    "5": [
      14,
      0
    ],
    "6": [
      15,
      0
    ],
    "7": [
      16,
      0
    ],
    "8": [
      17,
      0
    ],
    "9": [
      18,
      0
    ]
  },
  "channel_to_freq": {
    "0,0": 192.3,
    "1,0": 192.6,
    "2,0": 192.9,
    "3,0": 193.2,
    "4,0": 193.5,
    "5,0": 193.8,
    "6,0": 194.1,
    "7,0": 194.4,
    "8,0": 194.7,
    "9,0": 195.0,
    "10,0": 195.3,
    "11,0": 195.6,
    "12,0": 195.9,
    "13,0": 196.2,
    "14,0": 196.5,
    "15,0": 196.8,
    "16,0": 197.1,
    "17,0": 197.4,
    "18,0": 197.7
  }
}