{
  "description": "SFG coupled-mode-theory validation for NRadix trit multiplication",
  "material": "Thin-film LiNbO3 (TFLN), z-cut, extraordinary axis",
  "d_eff_pm_V": 17.2,
  "A_eff_um2": 0.6,
  "correction": 0.955,
  "waveguide_length_mm": 10.0,
  "pump_power_mW": 1.0,
  "n_pass": 6,
  "n_total": 6,
  "pairs": [
    {
      "trit_A": 1,
      "trit_B": 1,
      "product": 1,
      "f_A_thz": 191.0,
      "f_B_thz": 191.0,
      "f_out_thz": 382.0,
      "wavelength_out_nm": 784.7970104712042,
      "n_eff_A": 2.045973294514908,
      "n_eff_B": 2.045973294514908,
      "n_eff_out": 2.080771581439392,
      "ppln_period_um": 22.552748420469303,
      "kappa_per_m_sqrtW": 60.236979338804325,
      "waveguide_length_mm": 10.0,
      "P_input_mW": 1.0,
      "P_out_uW": 0.36276161292114606,
      "P_A_remaining_mW": 0.9996372383870766,
      "P_B_remaining_mW": 0.9996372383870766,
      "conversion_pct": 0.03627616129211461,
      "eta_norm_pct_W_cm2": 36.27616129211461,
      "passed": true
    },
    {
      "trit_A": 1,
      "trit_B": 2,
      "product": 2,
      "f_A_thz": 191.0,
      "f_B_thz": 194.0,
      "f_out_thz": 385.0,
      "wavelength_out_nm": 778.6817090909091,
      "n_eff_A": 2.045973294514908,
      "n_eff_B": 2.0464951962593605,
      "n_eff_out": 2.081446765150467,
      "ppln_period_um": 22.115051200631413,
      "kappa_per_m_sqrtW": 60.69245675932009,
      "waveguide_length_mm": 10.0,
      "P_input_mW": 1.0,
      "P_out_uW": 0.36826699149523806,
      "P_A_remaining_mW": 0.9996317330085072,
      "P_B_remaining_mW": 0.9996317330085072,
      "conversion_pct": 0.03682669914952381,
      "eta_norm_pct_W_cm2": 36.826699149523805,
      "passed": true
    },
    {
      "trit_A": 2,
      "trit_B": 2,
      "product": 4,
      "f_A_thz": 194.0,
      "f_B_thz": 194.0,
      "f_out_thz": 388.0,
      "wavelength_out_nm": 772.6609742268041,
      "n_eff_A": 2.0464951962593605,
      "n_eff_B": 2.0464951962593605,
      "n_eff_out": 2.082127739809719,
      "ppln_period_um": 21.684137511396646,
      "kappa_per_m_sqrtW": 61.14758340134339,
      "waveguide_length_mm": 10.0,
      "P_input_mW": 1.0,
      "P_out_uW": 0.37380951317557154,
      "P_A_remaining_mW": 0.9996261904868197,
      "P_B_remaining_mW": 0.9996261904868197,
      "conversion_pct": 0.03738095131755715,
      "eta_norm_pct_W_cm2": 37.38095131755715,
      "passed": true
    },
    {
      "trit_A": 1,
      "trit_B": 3,
      "product": 3,
      "f_A_thz": 191.0,
      "f_B_thz": 201.0,
      "f_out_thz": 392.0,
      "wavelength_out_nm": 764.7766785714286,
      "n_eff_A": 2.045973294514908,
      "n_eff_B": 2.0476927301433197,
      "n_eff_out": 2.0830448139773186,
      "ppln_period_um": 21.132341096125472,
      "kappa_per_m_sqrtW": 61.754181935161675,
      "waveguide_length_mm": 10.0,
      "P_input_mW": 1.0,
      "P_out_uW": 0.38126096369847984,
      "P_A_remaining_mW": 0.9996187390363084,
      "P_B_remaining_mW": 0.9996187390363084,
      "conversion_pct": 0.038126096369847984,
      "eta_norm_pct_W_cm2": 38.126096369847986,
      "passed": true
    },
    {
      "trit_A": 2,
      "trit_B": 3,
      "product": 6,
      "f_A_thz": 194.0,
      "f_B_thz": 201.0,
      "f_out_thz": 395.0,
      "wavelength_out_nm": 758.9682481012659,
      "n_eff_A": 2.0464951962593605,
      "n_eff_B": 2.0476927301433197,
      "n_eff_out": 2.0837395250469792,
      "ppln_period_um": 20.717053846656555,
      "kappa_per_m_sqrtW": 62.208482724341025,
      "waveguide_length_mm": 10.0,
      "P_input_mW": 1.0,
      "P_out_uW": 0.3868897135777678,
      "P_A_remaining_mW": 0.9996131102864207,
      "P_B_remaining_mW": 0.9996131102864207,
      "conversion_pct": 0.03868897135777678,
      "eta_norm_pct_W_cm2": 38.68897135777678,
      "passed": true
    },
    {
      "trit_A": 3,
      "trit_B": 3,
      "product": 9,
      "f_A_thz": 201.0,
      "f_B_thz": 201.0,
      "f_out_thz": 402.0,
      "wavelength_out_nm": 745.7523830845771,
      "n_eff_A": 2.0476927301433197,
      "n_eff_B": 2.0476927301433197,
      "n_eff_out": 2.085383881376019,
      "ppln_period_um": 19.785874368241146,
      "kappa_per_m_sqrtW": 63.267437626004146,
      "waveguide_length_mm": 10.0,
      "P_input_mW": 1.0,
      "P_out_uW": 0.40017007621916045,
      "P_A_remaining_mW": 0.9995998299237789,
      "P_B_remaining_mW": 0.9995998299237789,
      "conversion_pct": 0.04001700762191604,
      "eta_norm_pct_W_cm2": 40.017007621916036,
      "passed": true
    }
  ]
}